Key,English,Sinhala (draft),Correction,Notes
common.appName,Plan B,Plan B,,
common.continue,Continue,ඉදිරියට,,
common.cancel,Cancel,අවලංගු කරන්න,,
common.save,Save,සුරකින්න,,
common.retry,Try again,නැවත උත්සාහ කරන්න,,
common.back,Back,ආපසු,,
common.close,Close,වසන්න,,
common.loading,Loading…,පූරණය වෙමින්…,,
common.offline,You're offline. Some things won't update until you reconnect.,ඔබ දැන් ඔෆ්ලයින්. නැවත සම්බන්ධ වන තෙක් සමහර දේ යාවත්කාලීන නොවේ.,,
common.genericError,Something went wrong. Please try again.,යම් ගැටලුවක් ඇති විය. නැවත උත්සාහ කරන්න.,,
common.notSet,Not set,සඳහන් කර නැත,,
common.search,Search,සොයන්න,,
common.noResults,No matches,ගැළපෙන දෙයක් නැත,,
common.optional,Optional,අවශ්‍ය නැත,,
common.done,Done,අවසන්,,
common.comingSoon,Coming soon,ඉක්මනින්,,
common.clearSearch,Clear search,සෙවුම මකන්න,,
common.brandAvatar,Plan B Academy,Plan B Academy,,
common.fieldError,"{{label}}, error: {{error}}","{{label}}, දෝෂය: {{error}}",,
appError.title,Something went wrong,යම් ගැටලුවක් ඇති විය,,
appError.body,"Sorry, the app ran into a problem. Please try again. If it keeps happening, close the app and open it again.","සමාවන්න, යෙදුමේ ගැටලුවක් ඇති විය. නැවත උත්සාහ කරන්න. එය දිගටම සිදු වුවහොත් යෙදුම වසා නැවත විවෘත කරන්න.",,
appError.stalledTitle,Taking longer than usual,සාමාන්‍යයට වඩා කාලයක් ගතවෙයි,,
appError.stalledBody,The app is taking longer than usual to start. Please close it and open it again.,යෙදුම ආරම්භ වීමට සාමාන්‍යයට වඩා කාලයක් ගතවෙයි. එය වසා නැවත විවෘත කරන්න.,,
intro.skipHint,Tap to continue,ඉදිරියට යාමට තට්ටු කරන්න,,
appUpdate.requiredTitle,Please update the app,කරුණාකර යෙදුම යාවත්කාලීන කරන්න,,
appUpdate.requiredBody,This version of Plan B Academy is no longer supported. Update to the latest version to keep learning. It only takes a minute.,Plan B Academy හි මෙම අනුවාදය තවදුරටත් සහාය නොදක්වයි. දිගටම ඉගෙන ගැනීමට නවතම අනුවාදයට යාවත්කාලීන කරන්න. එයට ගත වන්නේ විනාඩියක් පමණි.,,
appUpdate.updateNow,Update now,දැන් යාවත්කාලීන කරන්න,,
appUpdate.availableTitle,A new version is available,නව අනුවාදයක් ඇත,,
appUpdate.availableBody,Update to get the latest features and fixes.,නවතම විශේෂාංග සහ නිවැරදි කිරීම් ලබා ගැනීමට යාවත්කාලීන කරන්න.,,
appUpdate.update,Update,යාවත්කාලීන,,
appUpdate.dismiss,Dismiss update message,යාවත්කාලීන පණිවිඩය වසන්න,,Screen reader label for the X button
appUpdate.storeFailed,Could not open the store. Please update Plan B Academy from Google Play.,Store එක විවෘත කළ නොහැකි විය. කරුණාකර Google Play වෙතින් Plan B Academy යාවත්කාලීන කරන්න.,,
auth.brandWelcome,Welcome to PlanB,PlanB වෙත සාදරයෙන් පිළිගනිමු,,
auth.signInTitle,Sign in,පිවිසෙන්න,,
auth.signInSubtitle,Use the email address Plan B has on file for you.,Plan B ළඟ ඇති ඔබේ විද්‍යුත් තැපැල් ලිපිනය භාවිත කරන්න.,,
auth.google,Continue with Google,Google සමඟ ඉදිරියට,,
auth.or,or,හෝ,,
auth.emailLabel,Email address,විද්‍යුත් තැපැල් ලිපිනය,,
auth.emailPlaceholder,you@example.com,you@example.com,,
auth.continueWithGoogle,Continue with Google,Google සමඟ ඉදිරියට,,
auth.sendCode,Email me a sign-in code,පිවිසුම් කේතය මට ඊමේල් කරන්න,,
auth.codeTitle,Enter your code,ඔබේ කේතය ඇතුළත් කරන්න,,
auth.codeSubtitle,We sent a {{length}}-digit code to {{email}}. It expires in {{minutes}} minutes.,{{email}} වෙත ඉලක්කම් {{length}}ක කේතයක් යැව්වා. එය මිනිත්තු {{minutes}}කින් කල් ඉකුත් වේ.,,
auth.codePlaceholder,000000,000000,,
auth.verify,Verify,තහවුරු කරන්න,,
auth.resend,Send a new code,නව කේතයක් එවන්න,,
auth.resendIn,You can request a new code in {{seconds}}s,තත්පර {{seconds}}කින් නව කේතයක් ඉල්ලිය හැක,,
auth.codeSent,"If that email matches our records, we've sent you a code.","එම ඊමේල් ලිපිනය අපේ වාර්තාවල ඇත්නම්, ඔබට කේතයක් යවා ඇත.",,
auth.codeInvalid,That code isn't right. Check it and try again.,එම කේතය නිවැරදි නැත. පරීක්ෂා කර නැවත උත්සාහ කරන්න.,,
auth.codeExpired,That code has expired. Request a new one.,එම කේතය කල් ඉකුත් වී ඇත. අලුත් එකක් ඉල්ලන්න.,,
auth.blocked,Your account has been suspended. Please contact Plan B support.,ඔබේ ගිණුම අත්හිටුවා ඇත. Plan B සහාය අංශය අමතන්න.,,
auth.welcome,Welcome to Plan B! Your account is ready.,Plan B වෙත සාදරයෙන් පිළිගනිමු! ඔබේ ගිණුම සූදානම්.,,
auth.welcomeBack,Welcome back.,නැවත සාදරයෙන් පිළිගනිමු.,,
auth.finishingSignIn,Finishing sign-in…,පිවිසීම සම්පූර්ණ වෙමින්…,,
auth.signUpHint,New to Plan B? Continue with Google and we'll set up your account.,"Plan B වෙත අලුත්ද? Google සමඟ ඉදිරියට යන්න, අපි ඔබේ ගිණුම සාදා දෙන්නම්.",,
auth.noAccount,"We couldn't sign you in. If you're a Plan B student, contact support to check the email address on your record.","ඔබව පිවිසීමට නොහැකි විය. ඔබ Plan B සිසුවෙක් නම්, ඔබේ වාර්තාවේ ඇති ඊමේල් ලිපිනය පරීක්ෂා කිරීමට සහාය අංශය අමතන්න.",,
auth.signOut,Sign out,පිටවෙන්න,,
auth.signOutConfirm,Sign out of Plan B on this device?,මෙම උපාංගයෙන් Plan B වෙතින් පිටවෙනවාද?,,
auth.legalConsent,"By continuing, you agree to our <terms>Terms of Use</terms> and <privacy>Privacy Policy</privacy>, and confirm you are 18 or older.","ඉදිරියට යාමෙන් ඔබ අපගේ <terms>භාවිත නියම</terms> සහ <privacy>පෞද්ගලිකත්ව ප්‍රතිපත්තිය</privacy> පිළිගන්නා අතර, ඔබේ වයස අවුරුදු 18ට වැඩි බව තහවුරු කරයි.",,
legal.sectionTitle,Help & legal,උදව් සහ නීතිමය,,
legal.privacy,Privacy policy,පෞද්ගලිකත්ව ප්‍රතිපත්තිය,,
legal.terms,Terms of use,භාවිත නියම,,
legal.support,Contact support,සහාය අංශය අමතන්න,,
legal.supportSubject,Plan B app support,Plan B යෙදුම සඳහා සහාය,,
account.delete,Delete account,ගිණුම මකන්න,,
account.deleteTitle,Delete your account?,ඔබේ ගිණුම මකන්නද?,,
account.deleteWarning,This can't be undone. You won't be able to get your account back.,මෙය ආපසු හැරවිය නොහැක. ඔබට ගිණුම නැවත ලබා ගත නොහැක.,,
account.deletedHeading,We will delete,අපි මකා දමන දේ,,
account.deletedItems,"Your profile details, photo, CV and profile video, your lesson progress and assessment results, your checklist ticks and your wishlist.","ඔබේ පැතිකඩ විස්තර, ඡායාරූපය, CV සහ පැතිකඩ වීඩියෝව, ඔබේ පාඩම් ප්‍රගතිය සහ තක්සේරු ප්‍රතිඵල, ඔබේ පිරික්සුම් ලැයිස්තු සලකුණු සහ ඔබේ ප්‍රියතම ලැයිස්තුව.",,
account.keptHeading,We will keep,අපි තබා ගන්නා දේ,,
account.keptItems,"Records of courses and services you paid for, including any bank slips you uploaded. We must keep these for accounting.","ඔබ ගෙවූ පාඨමාලා සහ සේවා පිළිබඳ වාර්තා, ඔබ උඩුගත කළ බැංකු පත්‍රිකා ඇතුළුව. ගිණුම්කරණය සඳහා අපට ඒවා තබා ගැනීමට සිදුවේ.",,
account.sendCode,Email me a code,මට කේතයක් ඊමේල් කරන්න,,
account.sendCodeHint,"To make sure it's you, we'll send a code to {{email}}.",එය ඔබ බව තහවුරු කර ගැනීමට {{email}} වෙත කේතයක් යවන්නෙමු.,,
account.confirmTitle,Confirm deletion,මැකීම තහවුරු කරන්න,,
account.confirmSubtitle,Enter the {{length}}-digit code we sent to {{email}}. It expires in {{minutes}} minutes.,{{email}} වෙත යැවූ ඉලක්කම් {{length}}ක කේතය ඇතුළත් කරන්න. එය මිනිත්තු {{minutes}}කින් කල් ඉකුත් වේ.,,
account.confirmButton,Delete my account,මගේ ගිණුම මකන්න,,
account.deleted,Your account has been deleted.,ඔබේ ගිණුම මකා දමා ඇත.,,
account.codeSent,We've sent a code to your email.,ඔබේ ඊමේල් වෙත කේතයක් යවා ඇත.,,
wishlist.title,My wishlist,මගේ ප්‍රියතම ලැයිස්තුව,,
wishlist.add,Save to wishlist,ප්‍රියතම ලැයිස්තුවට එක් කරන්න,,
wishlist.remove,Remove from wishlist,ප්‍රියතම ලැයිස්තුවෙන් ඉවත් කරන්න,,
wishlist.failed,We couldn't update your wishlist. Please try again.,ඔබේ ප්‍රියතම ලැයිස්තුව යාවත්කාලීන කළ නොහැකි විය. නැවත උත්සාහ කරන්න.,,
wishlist.count_one,{{count}} course,පාඨමාලා {{count}},,
wishlist.count_other,{{count}} courses,පාඨමාලා {{count}},,
wishlist.emptyTitle,No saved courses yet,තවම සුරැකි පාඨමාලා නැත,,
wishlist.emptyBody,Tap the heart on any course to save it here for later.,පසුව බැලීමට ඕනෑම පාඨමාලාවක හදවත් ලකුණ තට්ටු කර මෙහි සුරකින්න.,,
wishlist.browse,Browse courses,පාඨමාලා බලන්න,,
wishlist.loadFailedTitle,Couldn't load your wishlist,ප්‍රියතම ලැයිස්තුව පූරණය කළ නොහැකි විය,,
wishlist.loadFailedBody,Check your connection and try again.,ඔබේ සම්බන්ධතාවය පරීක්ෂා කර නැවත උත්සාහ කරන්න.,,
home.title,Home,මුල් පිටුව,,
home.greeting,"Hello, 👋","ආයුබෝවන්, 👋",,
home.greetingFallback,Welcome back 👋,නැවත සාදරයෙන් පිළිගනිමු 👋,,
home.keepGoing,Keep going — you're {{percent}}% through.,දිගටම කරගෙන යන්න — ඔබ {{percent}}%ක් අවසන් කර ඇත.,,
home.allCaughtUp,You're all caught up.,ඔබ සියල්ල අවසන් කර ඇත.,,
home.viewAll,View all,සියල්ල බලන්න,,
home.continueLearning,Continue learning,ඉගෙනීම දිගටම,,
home.resume,Resume,දිගටම කරන්න,,
home.noProgressTitle,Start your first course,ඔබේ පළමු පාඨමාලාව අරඹන්න,,
home.noProgressBody,Your courses are ready when you are.,ඔබ සූදානම් වූ විට පාඨමාලා සූදානම්.,,
home.browseCourses,Browse courses,පාඨමාලා බලන්න,,
home.myCourses,My courses,මගේ පාඨමාලා,,
home.browseTitle,Nothing enrolled yet,තවම ලියාපදිංචි වී නැත,,
home.browseBody,Pick a course to get started. Your progress will show up here.,පටන් ගැනීමට පාඨමාලාවක් තෝරන්න. ඔබේ ප්‍රගතිය මෙහි පෙන්වයි.,,
home.categoryAll,All,සියල්ල,,
home.allCaughtUpBody,Every course you own is finished. Nice work.,ඔබ සතු සෑම පාඨමාලාවක්ම අවසන්. හොඳ වැඩක්.,,
home.tileNothingYet,Nothing yet,තවම කිසිවක් නැත,,
home.tileCoursesActive_one,{{count}} in progress,{{count}}ක් කරගෙන යයි,,
home.tileCoursesActive_other,{{count}} in progress,{{count}}ක් කරගෙන යයි,,
home.popularTitle,Popular Courses,ජනප්‍රිය පාඨමාලා,,
home.categoriesTitle,Top Categories,ප්‍රධාන ප්‍රවර්ග,,
home.profileTitle,Complete your profile,ඔබේ පැතිකඩ සම්පූර්ණ කරන්න,,
home.profileBody,{{percent}}% done · Get personalised learning,{{percent}}% අවසන් · ඔබට ගැළපෙන ඉගෙනුමක්,,
home.slideCoursesTitle,Find your course,ඔබේ පාඨමාලාව සොයන්න,,
home.slideServicesTitle,Let us handle the paperwork,ලියකියවිලි අපට භාර දෙන්න,,
home.ctaCourses,Browse courses,පාඨමාලා බලන්න,,
home.ctaServices,See services,සේවා බලන්න,,
home.ctaChecklists,Open checklist,පිරික්සුම් ලැයිස්තුව බලන්න,,
home.ctaCourse,View course,පාඨමාලාව බලන්න,,
home.ctaMore,Learn more,තව දැනගන්න,,
home.greetingName,{{name}},{{name}},,
courses.title,Courses,පාඨමාලා,,
courses.emptyTitle,No courses yet,තවම පාඨමාලා නැත,,
courses.emptyBody,Plan B will publish your courses here. Check back soon.,Plan B ඔබේ පාඨමාලා මෙහි පළ කරනු ඇත. ඉක්මනින් නැවත බලන්න.,,
courses.progress,{{watched}} of {{total}} lessons,පාඩම් {{total}}න් {{watched}},,
courses.lessonCount_one,{{count}} lesson,පාඩම් {{count}},,
courses.lessonCount_other,{{count}} lessons,පාඩම් {{count}},,
courses.notStarted,Not started,ආරම්භ කර නැත,,
courses.complete,Complete,අවසන්,,
courses.loadFailedTitle,Couldn't load your courses,ඔබේ පාඨමාලා පූරණය කළ නොහැකි විය,,
courses.loadFailedBody,Check your connection and try again.,ඔබේ සම්බන්ධතාවය පරීක්ෂා කර නැවත උත්සාහ කරන්න.,,
courses.topics,Topics,මාතෘකා,,
courses.lessons,Lessons,පාඩම්,,
courses.locked,Finish the previous lesson to unlock this one,මෙය විවෘත වීමට පෙර පාඩම අවසන් කරන්න,,
courses.watched,Watched,නරඹා ඇත,,
courses.myTitle,My Courses,මගේ පාඨමාලා,,
courses.tabEnrolled,My courses,මගේ පාඨමාලා,,
courses.lockedBadge,Locked,අගුළු දමා ඇත,,
courses.enrolledBadge,Enrolled,ලියාපදිංචියි,,
courses.free,Free,නොමිලේ,,
courses.content,{{topics}} topics · {{lessons}} lessons,මාතෘකා {{topics}} · පාඩම් {{lessons}},,
courses.noneEnrolledTitle,No courses yet,තවම පාඨමාලා නැත,,
courses.noneEnrolledBody,Enrol in a course and it will appear here with your progress.,පාඨමාලාවකට ලියාපදිංචි වූ පසු එය ඔබේ ප්‍රගතිය සමඟ මෙහි පෙන්වයි.,,
courses.browseAll,Browse all courses,සියලු පාඨමාලා බලන්න,,
courses.browse,Browse,බලන්න,,
courses.mySearchLabel,Search my courses,මගේ පාඨමාලා සොයන්න,,
courses.mySearchPlaceholder,Search your courses,ඔබේ පාඨමාලා සොයන්න,,
courses.noMatchTitle,No courses match,ගැළපෙන පාඨමාලා නැත,,
courses.noMatchBody,"Try a shorter word, or clear the search.","කෙටි වචනයක් උත්සාහ කරන්න, නැතහොත් සෙවුම මකන්න.",,
courses.detailTitle,Course details,පාඨමාලා විස්තර,,
courses.share,Share course,පාඨමාලාව බෙදාගන්න,,
courses.shareMessage,{{name}} — a Plan B Academy course: {{url}},{{name}} — Plan B Academy පාඨමාලාවක්: {{url}},,
courses.tabAbout,About,විස්තරය,,
courses.tabQuiz,Quiz,ප්‍රශ්නාවලිය,,
courses.metaDuration,Total duration {{length}},මුළු කාලය {{length}},,
courses.metaRating,Rating {{rating}} ({{count}}),ශ්‍රේණිගත කිරීම {{rating}} ({{count}}),,
courses.learners,{{count}} learners,ඉගෙන ගන්නන් {{count}},,
courses.newBadge,New,අලුත්,,
courses.startLearning,Start learning,ඉගෙනීම අරඹන්න,,
courses.continueLearning,Continue learning,ඉගෙනීම දිගටම,,
courses.syllabusEmptyTitle,Lessons coming soon,පාඩම් ඉක්මනින්,,
courses.syllabusEmptyBody,Plan B is still adding lessons to this course.,Plan B තවමත් මෙම පාඨමාලාවට පාඩම් එක් කරමින් සිටී.,,
courses.topicEmpty,No lessons in this topic yet.,මෙම මාතෘකාවේ තවම පාඩම් නැත.,,
courses.orderBadge,Course {{number}},පාඨමාලාව {{number}},,Badge on a course picture: its place in its category's order.
courses.orderHint,"Take these courses in order, starting from Course 1.","පාඨමාලාව 1 සිට පටන් ගෙන, මෙම පාඨමාලා පිළිවෙලින් හදාරන්න.",,Shown above a category's course list.
courses.orderHintCourse,"Take the {{category}} courses in order, starting from Course 1.","{{category}} පාඨමාලා, පාඨමාලාව 1 සිට පිළිවෙලින් හදාරන්න.",,On a course page. {{category}} is the category name.
browse.title,All Courses,සියලු පාඨමාලා,,
browse.subtitle,Courses you haven't enrolled in yet.,ඔබ තවම ලියාපදිංචි වී නැති පාඨමාලා.,,
browse.emptyTitle,Nothing new right now,දැනට අලුත් දෙයක් නැත,,
browse.emptyBody,You're enrolled in everything Plan B has published. Check back soon.,Plan B පළ කර ඇති සියල්ලටම ඔබ ලියාපදිංචි වී ඇත. ඉක්මනින් නැවත බලන්න.,,
browse.categoryEmptyTitle,Nothing in this category,මෙම ප්‍රවර්ගයේ කිසිවක් නැත,,
browse.categoryEmptyBody,Try another category to see what else is available.,තවත් දේ බැලීමට වෙනත් ප්‍රවර්ගයක් තෝරන්න.,,
browseServices.title,All Services,සියලු සේවා,,
browseServices.subtitle,Services you haven't bought yet.,ඔබ තවම මිලදී ගෙන නැති සේවා.,,
browseServices.allBoughtTitle,You have them all,ඔබ සතුව සියල්ල ඇත,,
browseServices.allBoughtBody,You've bought every service Plan B offers. Follow their progress in My Services.,Plan B ලබා දෙන සෑම සේවාවක්ම ඔබ මිලදී ගෙන ඇත. ඒවායේ ප්‍රගතිය මගේ සේවා තුළ බලන්න.,,
browseServices.searchLabel,Search services,සේවා සොයන්න,,
browseServices.searchPlaceholder,Search a service,සේවාවක් සොයන්න,,
browseServices.noMatchTitle,No services found,සේවා හමු නොවීය,,
browseServices.noMatchBody,Try a shorter word.,කෙටි වචනයක් උත්සාහ කරන්න.,,
search.label,Search courses,පාඨමාලා සොයන්න,,
search.placeholder,What do you want to learn?,ඔබට ඉගෙන ගන්න ඕනෑ මොකක්ද?,,
search.newBadge,New,අලුත්,,
search.matchedTopic,Topic: {{topic}},මාතෘකාව: {{topic}},,
search.noMatchesTitle,No courses found,පාඨමාලා හමු නොවීය,,
search.noMatchesBody,"Try a shorter word, or another category.","කෙටි වචනයක්, නැතහොත් වෙනත් ප්‍රවර්ගයක් උත්සාහ කරන්න.",,
search.filters,Filter by category,ප්‍රවර්ගය අනුව පෙරන්න,,
search.filtersActive,"Filters, {{count}} selected","පෙරහන්, {{count}}ක් තෝරා ඇත",,
search.categoriesTitle,Categories,ප්‍රවර්ග,,
search.subCategoriesTitle,Sub-category,උප ප්‍රවර්ගය,,
search.allInCategory,All in {{name}},{{name}} තුළ සියල්ල,,"{{name}} is a category name, e.g. Migration"
search.applyFilters,Apply,යොදන්න,,Button that applies the category filter
search.clearFilters,Clear,මකන්න,,
search.resultCount_one,{{count}} course,පාඨමාලා {{count}},,
search.resultCount_other,{{count}} courses,පාඨමාලා {{count}},,
search.idleTitle,Find a course,පාඨමාලාවක් සොයන්න,,
search.idleBody,"Type what you want to learn, or filter by category.","ඔබට ඉගෙන ගැනීමට අවශ්‍ය දේ ටයිප් කරන්න, නැතහොත් ප්‍රවර්ගය අනුව පෙරන්න.",,
search.filteredOutTitle,Nothing in this category,මෙම ප්‍රවර්ගයේ කිසිවක් නැත,,
search.filteredOutBody,"Try another category, or clear the filter.","වෙනත් ප්‍රවර්ගයක් තෝරන්න, නැතහොත් පෙරහන ඉවත් කරන්න.",,
checklist.title,Checklists,පිරික්සුම් ලැයිස්තු,,
checklist.subtitle,Your step-by-step guide to moving to the UAE.,UAE වෙත යාමට ඔබේ පියවරෙන් පියවර මාර්ගෝපදේශය.,,
checklist.beforeArrival,Before arrival,පිටත්වීමට පෙර,,
checklist.afterArrival,After arrival,පැමිණීමෙන් පසු,,
checklist.beforeArrivalHint,Finish these before you fly.,පියාසර කිරීමට පෙර මේවා අවසන් කරන්න.,,
checklist.afterArrivalHint,Do these in your first weeks in the UAE.,UAE හි ඔබේ පළමු සති කිහිපයේදී මේවා කරන්න.,,
checklist.progress,{{completed}} of {{total}} done,{{total}}න් {{completed}} අවසන්,,
checklist.stepsToGo_one,{{count}} step to go,පියවර {{count}}ක් ඉතිරියි,,
checklist.stepsToGo_other,{{count}} steps to go,පියවර {{count}}ක් ඉතිරියි,,
checklist.notStarted,Nothing ticked off yet,තවම කිසිවක් සලකුණු කර නැත,,
checklist.allDoneTitle,All done,සියල්ල අවසන්,,
checklist.allDoneBody,You've finished every step on this list.,මෙම ලැයිස්තුවේ සෑම පියවරක්ම ඔබ අවසන් කර ඇත.,,
checklist.phaseComplete,That's your {{phase}} list finished. Nice work.,ඔබේ {{phase}} ලැයිස්තුව අවසන්. හොඳ වැඩක්.,,
checklist.markDone,Mark as done,අවසන් ලෙස සලකුණු කරන්න,,
checklist.markNotDone,Mark as not done,අවසන් නොවූ ලෙස සලකුණු කරන්න,,
checklist.doneOn,Done on {{date}},{{date}} දින අවසන් කළා,,
checklist.howTo,How to do this,මෙය කරන්නේ කෙසේද,,
checklist.steps_one,{{count}} step,පියවර {{count}},,
checklist.steps_other,{{count}} steps,පියවර {{count}},,
checklist.readSteps,Read the steps,පියවර කියවන්න,,
checklist.noSteps,Plan B hasn't added instructions for this one yet. Contact support if you're unsure.,Plan B තවම මේ සඳහා උපදෙස් එක් කර නැත. විශ්වාස නැතිනම් සහාය අංශය අමතන්න.,,
checklist.emptyTitle,Nothing here yet,තවම මෙහි කිසිවක් නැත,,
checklist.emptyBody,Plan B will publish this checklist soon. Check back in a few days.,Plan B මෙම ලැයිස්තුව ඉක්මනින් පළ කරනු ඇත. දින කිහිපයකින් නැවත බලන්න.,,
checklist.loadFailedTitle,Couldn't load your checklists,ඔබේ පිරික්සුම් ලැයිස්තු පූරණය කළ නොහැකි විය,,
checklist.loadFailedBody,Check your connection and try again.,ඔබේ සම්බන්ධතාවය පරීක්ෂා කර නැවත උත්සාහ කරන්න.,,
checklist.saveFailed,We couldn't save that. Check your connection and try again.,එය සුරැකීමට නොහැකි විය. සම්බන්ධතාවය පරීක්ෂා කර නැවත උත්සාහ කරන්න.,,
player.noSkip,You can't skip ahead — watch the lesson to unlock the next one.,ඉදිරියට පැනිය නොහැක — ඊළඟ පාඩම විවෘත වීමට මෙම පාඩම නරඹන්න.,,
player.expired,Reconnecting to the lesson…,පාඩමට නැවත සම්බන්ධ වෙමින්…,,
player.loadFailed,This lesson couldn't be loaded. Check your connection and try again.,මෙම පාඩම පූරණය කළ නොහැකි විය. සම්බන්ධතාවය පරීක්ෂා කර නැවත උත්සාහ කරන්න.,,
player.needsConnection,Lessons need an internet connection.,පාඩම් නැරඹීමට අන්තර්ජාල සම්බන්ධතාවයක් අවශ්‍යයි.,,
player.notReadyTitle,This lesson isn’t ready yet,මෙම පාඩම තවම සූදානම් නැත,,
player.notReadyBody,Plan B hasn’t uploaded the video for this lesson. It will appear here as soon as they do.,Plan B තවම මෙම පාඩමේ වීඩියෝව උඩුගත කර නැත. උඩුගත කළ විගස එය මෙහි පෙන්වයි.,,
player.offlineTitle,No internet connection,අන්තර්ජාල සම්බන්ධතාවයක් නැත,,
player.offlineBody,"Lessons stream from Plan B, so you need to be online to watch. Check your connection and try again.",පාඩම් Plan B වෙතින් එන නිසා නැරඹීමට ඔබ ඔන්ලයින් විය යුතුයි. සම්බන්ධතාවය පරීක්ෂා කර නැවත උත්සාහ කරන්න.,,
player.blockedTitle,You can’t open this lesson,ඔබට මෙම පාඩම විවෘත කළ නොහැක,,
player.blockedBody,"Your account may be suspended, or this course isn’t available to you. Please contact Plan B support.","ඔබේ ගිණුම අත්හිටුවා තිබිය හැක, නැතහොත් මෙම පාඨමාලාව ඔබට ලබා ගත නොහැක. Plan B සහාය අංශය අමතන්න.",,
player.unknownTitle,This lesson couldn’t be loaded,මෙම පාඩම පූරණය කළ නොහැකි විය,,
player.unknownBody,Something went wrong on our side. Please try again in a moment.,අපේ පැත්තෙන් යම් ගැටලුවක් ඇති විය. මොහොතකින් නැවත උත්සාහ කරන්න.,,
player.rewind,Rewind {{seconds}} seconds,තත්පර {{seconds}}ක් ආපසු,,
player.position,Lesson position,පාඩමේ ස්ථානය,,
paper.title,Assessment,තක්සේරුව,,
paper.start,Start assessment,තක්සේරුව අරඹන්න,,
paper.resume,Resume assessment,තක්සේරුව දිගටම,,
paper.question,Question {{current}} of {{total}},ප්‍රශ්නය {{total}}න් {{current}},,
paper.review,Review answers,පිළිතුරු නැවත බලන්න,,
paper.submit,Submit,ඉදිරිපත් කරන්න,,
paper.submitConfirm,Submit your answers? You can't change them afterwards.,ඔබේ පිළිතුරු ඉදිරිපත් කරනවාද? ඉන් පසු ඒවා වෙනස් කළ නොහැක.,,
paper.unanswered,Answer every question before submitting.,ඉදිරිපත් කිරීමට පෙර සෑම ප්‍රශ්නයකටම පිළිතුරු දෙන්න.,,
paper.passMark,Pass mark: {{mark}}%,සමත් ලකුණු: {{mark}}%,,
paper.attemptsLeft,{{count}} attempt left,අවස්ථා {{count}}ක් ඉතිරියි,,
paper.attemptsLeft_other,{{count}} attempts left,අවස්ථා {{count}}ක් ඉතිරියි,,
paper.attemptsUnlimited,Unlimited attempts,අවස්ථා සීමාවක් නැත,,
paper.passed,You passed,ඔබ සමත් වුණා,,
paper.failed,Not quite,ටිකක් අඩුයි,,
paper.retake,Retake assessment,තක්සේරුව නැවත කරන්න,,
paper.score,You scored {{score}}%,ඔබේ ලකුණු {{score}}%,,
paper.answersHidden,"You'll see which answers were right once you pass, or when you have no attempts left.","ඔබ සමත් වූ පසු, නැතහොත් අවස්ථා ඉතිරි නොවූ පසු නිවැරදි පිළිතුරු පෙන්වයි.",,
paper.blocked.videos_incomplete,Watch every lesson in this course to unlock the assessment.,තක්සේරුව විවෘත වීමට මෙම පාඨමාලාවේ සෑම පාඩමක්ම නරඹන්න.,,
paper.blocked.attempts_exhausted,You've used all your attempts. Contact Plan B support.,ඔබේ සියලු අවස්ථා භාවිත කර ඇත. Plan B සහාය අංශය අමතන්න.,,
paper.blocked.already_passed,You've already passed this assessment.,ඔබ මෙම තක්සේරුවෙන් දැනටමත් සමත් වී ඇත.,,
paper.blocked.no_questions,This assessment isn't ready yet.,මෙම තක්සේරුව තවම සූදානම් නැත.,,
paper.questionCount_one,{{count}} question,ප්‍රශ්න {{count}},,
paper.questionCount_other,{{count}} questions,ප්‍රශ්න {{count}},,
profile.title,Profile,පැතිකඩ,,
profile.edit,Edit profile,පැතිකඩ සංස්කරණය,,
profile.photo,Photo,ඡායාරූපය,,
profile.changePhoto,Change photo,ඡායාරූපය වෙනස් කරන්න,,
profile.removePhoto,Remove photo,ඡායාරූපය ඉවත් කරන්න,,
profile.studentId,Student ID,සිසු අංකය,,
profile.contactNumber,Contact number,දුරකථන අංකය,,
profile.address,Address,ලිපිනය,,
profile.dateOfBirth,Date of birth,උපන් දිනය,,
profile.qualification,Highest qualification,උසස්ම සුදුසුකම,,
profile.industry,Industry,කර්මාන්තය,,
profile.profession,Profession,වෘත්තිය,,
profile.languages,Languages spoken,කථා කරන භාෂා,,
profile.language,App language,යෙදුමේ භාෂාව,,
profile.emailLocked,Contact Plan B support to change the email on your account.,ගිණුමේ ඊමේල් ලිපිනය වෙනස් කිරීමට Plan B සහාය අංශය අමතන්න.,,
profile.nameLocked,Contact Plan B support to change your name.,ඔබේ නම වෙනස් කිරීමට Plan B සහාය අංශය අමතන්න.,,
profile.saved,Profile updated,පැතිකඩ යාවත්කාලීන කළා,,
profile.editTitle,Edit profile,පැතිකඩ සංස්කරණය,,
profile.fullName,Full name,සම්පූර්ණ නම,,
profile.fullNamePlaceholder,As it appears on your passport,ගමන් බලපත්‍රයේ ඇති ආකාරයට,,
profile.visaStatus,Visa status,වීසා තත්ත්වය,,
profile.visaVisit,Visit,සංචාරක,,
profile.visaEmployment,Employment,රැකියා,,
profile.addressPlaceholder,"House number, street, city","නිවස අංකය, වීදිය, නගරය",,
profile.dobPlaceholder,Select your date of birth,ඔබේ උපන් දිනය තෝරන්න,,
profile.day,Day,දිනය,,
profile.month,Month,මාසය,,
profile.year,Year,වර්ෂය,,
profile.qualificationPlaceholder,"e.g. A/L, Diploma, Degree","උදා: උ/පෙළ, ඩිප්ලෝමා, උපාධිය",,
profile.industryPlaceholder,Select an industry,කර්මාන්තයක් තෝරන්න,,
profile.professionPlaceholder,Select a profession,වෘත්තියක් තෝරන්න,,
profile.professionNeedsIndustry,Choose an industry first,පළමුව කර්මාන්තයක් තෝරන්න,,
profile.sectionPhoto,Photo,ඡායාරූපය,,
profile.sectionIdentity,About you,ඔබ ගැන,,
profile.sectionContact,Contact details,සම්බන්ධ වීමේ විස්තර,,
profile.sectionCareer,Academic & career,අධ්‍යාපනය සහ වෘත්තිය,,
profile.changePhotoAction,Change photo,ඡායාරූපය වෙනස් කරන්න,,
profile.takePhoto,Take a photo,ඡායාරූපයක් ගන්න,,
profile.choosePhoto,Choose from library,ගැලරියෙන් තෝරන්න,,
profile.removePhotoConfirm,Remove your profile photo?,ඔබේ පැතිකඩ ඡායාරූපය ඉවත් කරනවාද?,,
profile.photoUpdated,Photo updated,ඡායාරූපය යාවත්කාලීන කළා,,
profile.photoRemoved,Photo removed,ඡායාරූපය ඉවත් කළා,,
profile.photoPermission,Plan B needs permission to use your camera or photos to set a profile picture.,පැතිකඩ ඡායාරූපයක් යෙදීමට ඔබේ කැමරාව හෝ ඡායාරූප භාවිත කිරීමට Plan B හට අවසර අවශ්‍යයි.,,
profile.photoUnavailable,Photo changes need the latest version of the app. Everything else on this page saves normally.,ඡායාරූපය වෙනස් කිරීමට යෙදුමේ නවතම අනුවාදය අවශ්‍යයි. මෙම පිටුවේ අනෙක් සියල්ල සාමාන්‍ය ලෙස සුරැකේ.,,
profile.phoneLocked,To change your phone number we need to text a code to the new one. That is coming soon — contact Plan B support meanwhile.,දුරකථන අංකය වෙනස් කිරීමට නව අංකයට කේතයක් යැවිය යුතුයි. එය ඉක්මනින් එයි — එතෙක් Plan B සහාය අංශය අමතන්න.,,
profile.nameNotice,Use the name exactly as it appears on your passport — Plan B uses it for your visa paperwork.,ගමන් බලපත්‍රයේ ඇති ආකාරයටම නම යොදන්න — වීසා ලියකියවිලි සඳහා Plan B එය භාවිත කරයි.,,
profile.unsavedTitle,Discard your changes?,ඔබේ වෙනස්කම් ඉවත දමනවාද?,,
profile.unsavedBody,You have edits that haven’t been saved.,සුරකින්නේ නැති වෙනස්කම් තිබේ.,,
profile.discard,Discard,ඉවත දමන්න,,
profile.keepEditing,Keep editing,සංස්කරණය දිගටම,,
profile.bio,About you,ඔබ ගැන,,
profile.bioPlaceholder,A few lines about your experience and what you are looking for,ඔබේ අත්දැකීම් සහ ඔබ සොයන දේ ගැන පේළි කිහිපයක්,,
profile.bioHint,Shown on your profile. Up to 500 characters.,ඔබේ පැතිකඩේ පෙන්වයි. අකුරු 500ක් දක්වා.,,
profile.addBio,Add a short bio,කෙටි හැඳින්වීමක් එක් කරන්න,,
profile.verified,Verified,තහවුරු කළා,,
profile.statServices,Services bought,මිලදී ගත් සේවා,,
profile.statLessons,Lessons watched,නැරඹූ පාඩම්,,
profile.statChecklist,Checklist done,අවසන් පිරික්සුම්,,
enrol.action,Enrol,ලියාපදිංචි වන්න,,
enrol.actionFree,Start for free,නොමිලේ අරඹන්න,,
enrol.paywallBody,One payment. Lifetime access to every lesson and the assessment.,එක් ගෙවීමක්. සෑම පාඩමකටම සහ තක්සේරුවට ජීවිත කාලයටම ප්‍රවේශය.,,
enrol.comingSoonBody,Paid courses open for enrolment soon. Please check back later.,ගෙවුම් පාඨමාලා සඳහා ලියාපදිංචිය ඉක්මනින් විවෘත වේ. පසුව නැවත බලන්න.,,
enrol.lockedLesson,Enrol to unlock this lesson.,මෙම පාඩම විවෘත කිරීමට ලියාපදිංචි වන්න.,,
enrol.done,You're enrolled. Enjoy the course.,ඔබ ලියාපදිංචියි. පාඨමාලාව රසවිඳින්න.,,
enrol.failed,We couldn't start your enrolment. Please try again.,ඔබේ ලියාපදිංචිය ආරම්භ කළ නොහැකි විය. නැවත උත්සාහ කරන්න.,,
enrol.actionPriced,Enrol now · {{price}},දැන් ලියාපදිංචි වන්න · {{price}},,
enrol.comingSoonPriced,Coming soon · {{price}},ඉක්මනින් · {{price}},,
payment.title,Checkout,ගෙවීම,,
payment.historyTitle,Payments,ගෙවීම්,,
payment.historyLink,Payments,ගෙවීම්,,
payment.orderNumber,Order,ඇණවුම,,
payment.amount,Amount,මුදල,,
payment.total,Total,එකතුව,,
payment.methodQuestion,How would you like to pay?,ඔබට ගෙවීමට කැමති කුමන ක්‍රමයද?,,
payment.methodCard,Card,කාඩ්පත,,
payment.methodCardSoon,Card (Soon),කාඩ්පත (ඉක්මනින්),,
payment.methodBank,Bank transfer,බැංකු හුවමාරුව,,
payment.cardBody,You'll finish paying on our payment partner's secure page. Plan B never sees your card details.,ගෙවීම අපගේ ගෙවුම් හවුල්කරුගේ ආරක්ෂිත පිටුවේ අවසන් කරයි. ඔබේ කාඩ්පත් විස්තර Plan B කිසිවිටෙක නොදකී.,,
payment.cardAction,Pay {{amount}},{{amount}} ගෙවන්න,,
payment.cardOpenFailed,We couldn't open the payment page. Please try again.,ගෙවුම් පිටුව විවෘත කළ නොහැකි විය. නැවත උත්සාහ කරන්න.,,
payment.cardUnavailable,"Card payment needs the latest version of the app. Please update, or pay by bank transfer.","කාඩ්පත් ගෙවීමට යෙදුමේ නවතම අනුවාදය අවශ්‍යයි. යාවත්කාලීන කරන්න, නැතහොත් බැංකු හුවමාරුවෙන් ගෙවන්න.",,
payment.confirmingTitle,Confirming your payment,ඔබේ ගෙවීම තහවුරු කරමින්,,
payment.confirmingBody,This usually takes a few seconds. Please don't close the app.,මෙයට සාමාන්‍යයෙන් තත්පර කිහිපයක් ගතවේ. යෙදුම වසා නොදමන්න.,,
payment.notConfirmedTitle,Not confirmed yet,තවම තහවුරු වී නැත,,
payment.notConfirmedBody,We haven't had confirmation from your bank yet. If the money has left your account your access will open shortly — you can check back under Payments.,ඔබේ බැංකුවෙන් තවම තහවුරු කිරීමක් ලැබී නැත. මුදල ඔබේ ගිණුමෙන් ගොස් ඇත්නම් ප්‍රවේශය ඉක්මනින් විවෘත වේ — ගෙවීම් යටතේ නැවත බලන්න.,,
payment.paidTitle,Payment received,ගෙවීම ලැබුණා,,
payment.paidBody,Your course is unlocked.,ඔබේ පාඨමාලාව විවෘත වී ඇත.,,
payment.startLearning,Start learning,ඉගෙනීම අරඹන්න,,
payment.proofTitle,Confirm your transfer,ඔබේ හුවමාරුව තහවුරු කරන්න,,
payment.bankNoticeTitle,Where to send your payment,ගෙවීම යවන්නේ කොහෙටද,,
payment.bankBody,"Transfer the exact amount to the account below, then send us the slip. Plan B confirms transfers within one working day.","පහත ගිණුමට හරියටම එම මුදල යවා, පසුව පත්‍රිකාව අපට එවන්න. Plan B වැඩ කරන දිනක් තුළ හුවමාරු තහවුරු කරයි.",,
payment.bankName,Bank,බැංකුව,,
payment.accountName,Account name,ගිණුමේ නම,,
payment.accountNumber,Account number,ගිණුම් අංකය,,
payment.branch,Branch,ශාඛාව,,
payment.bankUnavailable,Bank transfer isn't available right now. Please pay by card.,බැංකු හුවමාරුව දැනට ලබා ගත නොහැක. කාඩ්පතෙන් ගෙවන්න.,,
payment.reference,Reference number,යොමු අංකය,,
payment.referencePlaceholder,e.g. 00887421,උදා: 00887421,,
payment.referenceRequired,Enter the reference number from your bank.,ඔබේ බැංකුවේ යොමු අංකය ඇතුළත් කරන්න.,,
payment.slip,Transfer slip,හුවමාරු පත්‍රිකාව,,
payment.slipHint,"JPG, PNG or PDF, up to {{mb}} MB","JPG, PNG හෝ PDF, MB {{mb}} දක්වා",,
payment.slipTypes,"Attach a JPG, PNG or PDF of your slip.","ඔබේ පත්‍රිකාවේ JPG, PNG හෝ PDF එකක් අමුණන්න.",,
payment.slipChoosePdf,Choose a PDF,PDF එකක් තෝරන්න,,
payment.slipWrongType,"That file type isn't accepted. Attach a JPG, PNG or PDF.","එම ගොනු වර්ගය පිළිගන්නේ නැත. JPG, PNG හෝ PDF එකක් අමුණන්න.",,
payment.slipTooLarge,That file is too large. Attach one under {{mb}} MB.,එම ගොනුව ඉතා විශාලයි. MB {{mb}}ට අඩු එකක් අමුණන්න.,,
payment.slipPdfUnavailable,"Attaching a PDF needs the latest version of the app. Please update, or attach a photo.","PDF අමුණීමට යෙදුමේ නවතම අනුවාදය අවශ්‍යයි. යාවත්කාලීන කරන්න, නැතහොත් ඡායාරූපයක් අමුණන්න.",,
payment.slipAdd,Add a photo,ඡායාරූපයක් එක් කරන්න,,
payment.slipChange,Change photo,ඡායාරූපය වෙනස් කරන්න,,
payment.slipRemove,Remove photo,ඡායාරූපය ඉවත් කරන්න,,
payment.slipAttached,Attached,අමුණා ඇත,,
payment.slipTakePhoto,Take a photo,ඡායාරූපයක් ගන්න,,
payment.slipChoose,Choose from photos,ඡායාරූපවලින් තෝරන්න,,
payment.slipPermission,Plan B needs permission to use your camera or photos to attach your transfer slip.,හුවමාරු පත්‍රිකාව අමුණන්නට ඔබේ කැමරාව හෝ ඡායාරූප භාවිත කිරීමට Plan B හට අවසර අවශ්‍යයි.,,
payment.slipUnavailable,Attaching a slip needs the latest version of the app. Please update to continue.,පත්‍රිකාවක් අමුණීමට යෙදුමේ නවතම අනුවාදය අවශ්‍යයි. ඉදිරියට යාමට යාවත්කාලීන කරන්න.,,
payment.submit,Send for verification,තහවුරු කිරීමට යවන්න,,
payment.submitted,Sent. Plan B will confirm your payment shortly.,යවා ඇත. Plan B ඉක්මනින් ඔබේ ගෙවීම තහවුරු කරයි.,,
payment.submitFailed,We couldn't send your slip. Please try again.,ඔබේ පත්‍රිකාව යැවිය නොහැකි විය. නැවත උත්සාහ කරන්න.,,
payment.checkStatus,Check status,තත්ත්වය බලන්න,,
payment.stillChecking,Still being checked. We'll update this as soon as Plan B confirms it.,තවමත් පරීක්ෂා කරමින්. Plan B තහවුරු කළ විගස මෙය යාවත්කාලීන වේ.,,
payment.checkStatusFailed,We couldn't check right now. Please try again.,දැන් පරීක්ෂා කළ නොහැකි විය. නැවත උත්සාහ කරන්න.,,
payment.awaitingTitle,Waiting for verification,තහවුරු කිරීම බලාපොරොත්තුවෙන්,,
payment.awaitingBody,Plan B has your slip and will confirm it within one working day. Your course unlocks as soon as it's approved.,Plan B ළඟ ඔබේ පත්‍රිකාව ඇති අතර වැඩ කරන දිනක් තුළ එය තහවුරු කරයි. අනුමත වූ විගස පාඨමාලාව විවෘත වේ.,,
payment.rejectedTitle,Your last transfer was not accepted,ඔබේ පෙර හුවමාරුව පිළිගත්තේ නැත,,
payment.rejectedRetry,Send another slip,තවත් පත්‍රිකාවක් යවන්න,,
payment.statusPending,Awaiting payment,ගෙවීම බලාපොරොත්තුවෙන්,,
payment.statusAwaitingVerification,Being checked,පරීක්ෂා කරමින්,,
payment.statusPaid,Paid,ගෙවා ඇත,,
payment.statusCancelled,Cancelled,අවලංගු කළා,,
payment.statusFailed,Failed,අසාර්ථකයි,,
payment.statusRefunded,Refunded,මුදල් ආපසු දුන්නා,,
payment.payNow,Complete payment,ගෙවීම සම්පූර්ණ කරන්න,,
payment.historyEmptyTitle,No payments yet,තවම ගෙවීම් නැත,,
payment.historyEmptyBody,"When you enrol in a paid course, your orders appear here.",ගෙවුම් පාඨමාලාවකට ලියාපදිංචි වූ විට ඔබේ ඇණවුම් මෙහි පෙන්වයි.,,
payment.loadFailedTitle,Couldn't load your payments,ඔබේ ගෙවීම් පූරණය කළ නොහැකි විය,,
payment.loadFailedBody,Check your connection and try again.,ඔබේ සම්බන්ධතාවය පරීක්ෂා කර නැවත උත්සාහ කරන්න.,,
payment.paidBodyService,Plan B has your payment and will start work on this.,Plan B ළඟ ඔබේ ගෙවීම ඇති අතර මේ සඳහා වැඩ ආරම්භ කරයි.,,
payment.viewService,View my service,මගේ සේවාව බලන්න,,
services.title,Services,සේවා,,
services.myTitle,My Services,මගේ සේවා,,
services.subtitle,Extra help from Plan B,Plan B වෙතින් අමතර උදව්,,
services.emptyTitle,No services yet,තවම සේවා නැත,,
services.emptyBody,Plan B will list the help they offer here. Check back soon.,Plan B ලබා දෙන උදව් මෙහි පළ කරනු ඇත. ඉක්මනින් නැවත බලන්න.,,
services.noneBoughtTitle,Nothing bought yet,තවම කිසිවක් මිලදී ගෙන නැත,,
services.noneBoughtBody,Buy a service and you can follow its progress here.,සේවාවක් මිලදී ගත් පසු එහි ප්‍රගතිය මෙහි බැලිය හැක.,,
services.browseAll,Browse services,සේවා බලන්න,,
services.browse,Browse,බලන්න,,
services.mySearchLabel,Search my services,මගේ සේවා සොයන්න,,
services.mySearchPlaceholder,Search what you've bought,ඔබ මිලදී ගත් දේ සොයන්න,,
services.noMatchTitle,No services match,ගැළපෙන සේවා නැත,,
services.noMatchBody,"Try a shorter word, or clear the search.","කෙටි වචනයක් උත්සාහ කරන්න, නැතහොත් සෙවුම මකන්න.",,
services.loadFailedTitle,Couldn't load services,සේවා පූරණය කළ නොහැකි විය,,
services.loadFailedBody,Check your connection and try again.,ඔබේ සම්බන්ධතාවය පරීක්ෂා කර නැවත උත්සාහ කරන්න.,,
services.deliveryTime,Usually {{time}},සාමාන්‍යයෙන් {{time}},,
services.whatYouGet,What you get,ඔබට ලැබෙන දේ,,
services.noDescription,Plan B will explain the details after you buy.,මිලදී ගැනීමෙන් පසු Plan B විස්තර පැහැදිලි කරයි.,,
services.buyFor,Buy for {{amount}},{{amount}}ට මිලදී ගන්න,,
services.buyFailed,We couldn't start your purchase. Please try again.,ඔබේ මිලදී ගැනීම ආරම්භ කළ නොහැකි විය. නැවත උත්සාහ කරන්න.,,
services.alreadyOpen,You've already bought this. We're working on it.,ඔබ මෙය දැනටමත් මිලදී ගෙන ඇත. අපි ඒ සඳහා වැඩ කරමින් සිටිමු.,,
services.buyAgain,Buy again,නැවත මිලදී ගන්න,,
services.statusPending,Waiting to start,ආරම්භ වීමට බලා සිටී,,
services.statusInProgress,In progress,කරගෙන යයි,,
services.statusCompleted,Completed,අවසන්,,
services.statusCancelled,Cancelled,අවලංගු කළා,,
services.stepPaid,Paid,ගෙවා ඇත,,
services.stepInProgress,In progress,කරගෙන යයි,,
services.stepCompleted,Completed,අවසන්,,
services.stepCancelled,Cancelled,අවලංගු කළා,,
services.stepPending,Not yet,තවම නැත,,
services.progressTitle,Your request,ඔබේ ඉල්ලීම,,
services.cancelledBody,Plan B could not deliver this one. Contact them about a refund.,Plan B හට මෙය ලබා දිය නොහැකි විය. මුදල් ආපසු ගැනීම ගැන ඔවුන් අමතන්න.,,
services.completedBody,This is done. Plan B will have been in touch.,මෙය අවසන්. Plan B ඔබව සම්බන්ධ කරගෙන ඇති.,,
services.waitingBody,Plan B has your payment and will start shortly.,Plan B ළඟ ඔබේ ගෙවීම ඇති අතර ඉක්මනින් ආරම්භ කරයි.,,
services.workingBody,Plan B is working on this now.,Plan B දැන් මේ සඳහා වැඩ කරමින් සිටී.,,
services.detailTitle,Service details,සේවා විස්තර,,
services.howItWorks,How it works,මෙය ක්‍රියා කරන ආකාරය,,
services.howPay,You pay,ඔබ ගෙවනවා,,
services.howWork,We work on it,අපි වැඩ කරනවා,,
services.howDone,Delivered,ලබා දෙනවා,,
services.priceLabel,Price,මිල,,
services.buyNow,Buy now,දැන් මිලදී ගන්න,,
notifications.title,Notifications,දැනුම්දීම්,,
notifications.emptyTitle,No notifications yet,තවම දැනුම්දීම් නැත,,
notifications.emptyBody,"Updates about your courses, payments and services will show up here.","ඔබේ පාඨමාලා, ගෙවීම් සහ සේවා පිළිබඳ යාවත්කාලීන මෙහි පෙන්වයි.",,
currency.title,Exchange Money,මුදල් හුවමාරුව,,
currency.todaysRate,Today's rate,අද අනුපාතය,,
currency.rateLine,1 {{base}} = {{rate}} {{quote}},1 {{base}} = {{rate}} {{quote}},,
currency.openConverter,Open the currency converter,මුදල් පරිවර්තකය විවෘත කරන්න,,
currency.indicative,Indicative rate · {{date}},දළ අනුපාතය · {{date}},,
currency.stale,Indicative rate · last updated {{date}},දළ අනුපාතය · අවසන් යාවත්කාලීනය {{date}},,
currency.disclaimer,"A guide only. Banks and exchange houses set their own rates, so what you actually get will be a little different.",මෙය මාර්ගෝපදේශයක් පමණි. බැංකු සහ මුදල් හුවමාරු ආයතන තම අනුපාත තීරණය කරන නිසා ඔබට ලැබෙන මුදල මීට තරමක් වෙනස් විය හැක.,,
currency.amountIn,Amount in {{currency}},{{currency}} වලින් මුදල,,
currency.amountPlaceholder,Enter an amount,මුදලක් ඇතුළත් කරන්න,,
currency.swap,Swap to convert from {{from}} to {{to}},{{from}} සිට {{to}} වෙත පරිවර්තනය කිරීමට මාරු කරන්න,,
currency.unavailableTitle,Rate unavailable,අනුපාතය ලබා ගත නොහැක,,
currency.unavailableBody,We couldn't get today's rate. Check your connection and try again.,අද අනුපාතය ලබා ගත නොහැකි විය. සම්බන්ධතාවය පරීක්ෂා කර නැවත උත්සාහ කරන්න.,,
bundle.title,Category,ප්‍රවර්ගය,,
bundle.loadFailedTitle,Couldn't load this category,මෙම ප්‍රවර්ගය පූරණය කළ නොහැකි විය,,
bundle.badge,Course bundle,පාඨමාලා පැකේජය,,
bundle.coursesCount_one,{{count}} course,පාඨමාලා {{count}},,
bundle.coursesCount_other,{{count}} courses,පාඨමාලා {{count}},,
bundle.benefitAll,One payment for every course in {{name}},{{name}} හි සියලුම පාඨමාලා සඳහා එක් ගෙවීමක්,,
bundle.benefitOwned_one,You already own {{count}} of these — you won't pay for it again,මෙයින් {{count}}ක් දැනටමත් ඔබ සතුය — ඒ සඳහා නැවත ගෙවන්නේ නැත,,
bundle.benefitOwned_other,You already own {{count}} of these — you won't pay for them again,මෙයින් {{count}}ක් දැනටමත් ඔබ සතුය — ඒවා සඳහා නැවත ගෙවන්නේ නැත,,
bundle.benefitForever,Lifetime access. Watch at your own pace.,ජීවිත කාලය පුරා ප්‍රවේශය. ඔබේ වේගයට නරඹන්න.,,
bundle.emptyTitle,No courses here yet,තවම මෙහි පාඨමාලා නැත,,
bundle.emptyBody,Courses added to this category will show up here.,මෙම ප්‍රවර්ගයට එක් කරන පාඨමාලා මෙහි පෙන්වනු ඇත.,,
bundle.buyingAll_one,The {{name}} bundle · {{count}} course,{{name}} පැකේජය · පාඨමාලා {{count}},,
bundle.buyingAll_other,The {{name}} bundle · all {{count}} courses,{{name}} පැකේජය · පාඨමාලා {{count}}ම,,
bundle.ownedSome_one,You own {{owned}} — paying only for the {{count}} course left,{{owned}}ක් ඔබ සතුය — ඉතිරි පාඨමාලා {{count}} සඳහා පමණක් ගෙවන්න,,
bundle.ownedSome_other,You own {{owned}} — paying only for the {{count}} courses left,{{owned}}ක් ඔබ සතුය — ඉතිරි පාඨමාලා {{count}} සඳහා පමණක් ගෙවන්න,,
bundle.buyRemaining_one,Buy {{count}} course · {{price}},පාඨමාලා {{count}} මිලදී ගන්න · {{price}},,
bundle.buyRemaining_other,Buy all {{count}} courses · {{price}},පාඨමාලා {{count}}ම මිලදී ගන්න · {{price}},,
bundle.getFree_one,Get {{count}} free course,නොමිලේ පාඨමාලා {{count}} ලබා ගන්න,,
bundle.getFree_other,Get {{count}} free courses,නොමිලේ පාඨමාලා {{count}} ලබා ගන්න,,
bundle.ownedAll,You own every course in this bundle.,මෙම පැකේජයේ සියලුම පාඨමාලා ඔබ සතුය.,,
bundle.courseCaption,Sold as part of the {{name}} course bundle,{{name}} පාඨමාලා පැකේජයේ කොටසක් ලෙස විකුණනු ලැබේ,,
bundle.viewBundle,View Course Bundle,පාඨමාලා පැකේජය බලන්න,,
bundle.tileLabel,Bundle,පැකේජය,,
bundle.bannerTitle,{{name}} course bundle,{{name}} පාඨමාලා පැකේජය,,
bundle.bannerBody,These courses are sold together. See what's included and your price.,මෙම පාඨමාලා එකට විකුණනු ලැබේ. ඇතුළත් දේ සහ ඔබේ මිල බලන්න.,,
bundle.checkoutCaption_one,Course bundle · {{count}} course,පාඨමාලා පැකේජය · පාඨමාලා {{count}},,
bundle.checkoutCaption_other,Course bundle · {{count}} courses,පාඨමාලා පැකේජය · පාඨමාලා {{count}},,
bundle.paidBody,Every course in the bundle is unlocked. Enjoy!,පැකේජයේ සියලුම පාඨමාලා අගුළු හැර ඇත. සතුටින් ඉගෙන ගන්න!,,
bundle.nothingToPay,You're all set — nothing left to pay for.,සියල්ල සූදානම් — ගෙවීමට කිසිවක් ඉතිරි නැත.,,
bundle.buyFailed,Couldn't start the purchase. Please try again.,මිලදී ගැනීම ආරම්භ කළ නොහැකි විය. කරුණාකර නැවත උත්සාහ කරන්න.,,
bundle.sectionLink,Sold as a bundle,පැකේජයක් ලෙස විකුණනු ලැබේ,,Link on a sub-category heading that is its own bundle
bundle.importantTitle,Good to know,දැනගත යුතු දේ,,Heading of the highlighted points box on a sub-category page
site.nav.home,Home,මුල් පිටුව,,
site.nav.courses,Courses,පාඨමාලා,,
site.nav.about,About Us,අපි ගැන,,
site.nav.successStories,Success stories,සාර්ථක කතා,,
site.nav.testimonials,Our Values,අපගේ වටිනාකම්,,
site.nav.openMenu,Open menu,මෙනුව විවෘත කරන්න,,
site.nav.signIn,Sign in,පිවිසෙන්න,,
site.nav.myLearning,My learning,මගේ ඉගෙනුම,,
site.footer.tagline,We prepare Sri Lankan students for education and employment in the UAE.,එක්සත් අරාබි එමිරේට්ස් හි අධ්‍යාපනය සහ රැකියා සඳහා ශ්‍රී ලාංකික සිසුන් අපි සූදානම් කරමු.,,
site.footer.quickLinks,Quick links,ඉක්මන් සබැඳි,,
site.footer.forStudents,For students,සිසුන් සඳහා,,
site.footer.contact,Contact,සම්බන්ධ වන්න,,
site.footer.getTheApp,Get the app,යෙදුම බාගන්න,,
site.footer.rights,© {{year}} Plan B International. All rights reserved.,© {{year}} Plan B International. සියලු හිමිකම් ඇවිරිණි.,,
site.footer.privacy,Privacy policy,රහස්‍යතා ප්‍රතිපත්තිය,,
site.footer.terms,Terms of service,සේවා කොන්දේසි,,
site.lang.label,Language,භාෂාව,,
site.lang.en,English,English,,
site.lang.si,සිංහල,සිංහල,,
site.portal.title,My learning,මගේ ඉගෙනුම,,
site.portal.backToSite,Back to website,වෙබ් අඩවියට ආපසු,,
site.portal.account,Account,ගිණුම,,
site.story.heading,"Real people, already there",දැනටමත් එහි සිටින සැබෑ අය,,
site.story.videoTitle,{{name}}'s story,{{name}}ගේ කතාව,,
site.story.playVideo,Play video: {{title}},වීඩියෝව වාදනය කරන්න: {{title}},,
site.story.emptyTitle,No stories published yet,තවම කතා පළ කර නැත,,
site.story.emptyBody,We are filming with our first students now. Check back soon.,අපි අපගේ පළමු සිසුන් සමඟ රූගත කරමින් සිටිමු. ඉක්මනින් නැවත බලන්න.,,
site.testimonials.headingLead,Trusted by students,සිසුන්ගේ විශ්වාසය දිනාගත්,,
site.testimonials.headingTail,across Sri Lanka,ශ්‍රී ලංකාව පුරා,,
site.testimonials.body,Hear why students and professionals trust Plan B to guide their move to the Emirates.,එමිරේට්ස් වෙත යාමේදී Plan B විශ්වාස කරන්නේ ඇයිදැයි සිසුන්ගෙන් සහ වෘත්තිකයන්ගෙන් දැනගන්න.,,
site.testimonials.cta,Browse our courses,අපගේ පාඨමාලා බලන්න,,
site.testimonials.cardLabel,Read {{name}}'s testimonial,{{name}}ගේ අදහස කියවන්න,,
site.testimonials.listLabel,Student testimonials,සිසු අදහස්,,
site.community.videoTitle,Inside Plan B International,Plan B International ඇතුළත,,
site.team.heading,The people behind **Plan B**,**Plan B** පිටුපස සිටින අය,,
site.team.body,Consultants and course writers who have taken Sri Lankans through this move themselves.,මෙම ගමන තමන්ම අත්විඳ ඇති උපදේශකයන් සහ පාඨමාලා රචකයන්.,,
site.team.emptyTitle,Team coming soon,කණ්ඩායම ඉක්මනින්,,
site.team.emptyBody,We are putting our profiles together. Check back shortly.,අපි අපගේ තොරතුරු සකස් කරමින් සිටිමු. ටික වේලාවකින් නැවත බලන්න.,,
site.team.pagesLabel,Team pages,කණ්ඩායම් පිටු,,
site.carousel.goToPage,Go to page {{number}},{{number}} වන පිටුවට යන්න,,
site.nav.team,The Team,කණ්ඩායම,,
site.whatsapp.label,Chat on WhatsApp,WhatsApp හරහා කතා කරන්න,,
site.whatsapp.prefill,"Hi Plan B, I would like to know more about studying and working in the UAE.","ආයුබෝවන් Plan B, එක්සත් අරාබි එමිරේට්ස් හි අධ්‍යාපනය සහ රැකියා ගැන දැනගන්න කැමතියි.",,
site.carousel.previous,Previous courses,පෙර පාඨමාලා,,
site.carousel.next,Next courses,ඊළඟ පාඨමාලා,,
site.programmes.heading,Our **Programmes**,අපගේ **පාඨමාලා**,,
site.programmes.body,"Practical courses built for Sri Lankans moving to the Emirates — learn at your own pace, in English or Sinhala.","එමිරේට්ස් වෙත යන ශ්‍රී ලාංකිකයන් සඳහා නිර්මාණය කළ ප්‍රායෝගික පාඨමාලා — ඉංග්‍රීසි හෝ සිංහල භාෂාවෙන්, ඔබේ වේගයෙන් ඉගෙන ගන්න.",,
site.programmes.viewAll,View all courses,සියලු පාඨමාලා බලන්න,,
site.programmes.listLabel,Our programmes,අපගේ පාඨමාලා,,
site.programmes.pagesLabel,Programme pages,පාඨමාලා පිටු,,
site.programmes.emptyTitle,No courses published yet,තවම පාඨමාලා ප්‍රකාශ කර නැත,,
site.programmes.emptyBody,"New programmes are added regularly. Check back soon, or get in touch and we will tell you when one opens.","නව පාඨමාලා නිතර එකතු වේ. නැවත පරීක්ෂා කරන්න, නැතහොත් අප හා සම්බන්ධ වන්න.",,
